INSERT INTO "brDbproject_movies" (id, title, summary, year, duration, imdb_r, country, language, "movieURL", "coverURL")
VALUES
(1, 'The Shawshank Redemption', 'Two imprisoned men bond over a number of years, finding solace and eventual redemption through acts of common decency.', 1994, 144, 9.3, 'USA', 'English', 'https://www.youtube.com/embed/NmzuHjWmXOc', 'https://m.media-amazon.com/images/M/MV5BMDFkYTc0MGEtZmNhMC00ZDIzLWFmNTEtODM1ZmRlYWMwMWFmXkEyXkFqcGdeQXVyMTMxODk2OTU@._V1_FMjpg_UX1000_.jpg'),
(2, 'The Godfather', 'The aging patriarch of an organized crime dynasty in postwar New York City transfers control of his clandestine empire to his reluctant youngest son.', 1972, 175, 9.2, 'USA', 'English', 'https://www.youtube.com/embed/UaVTIH8mujA', 'https://m.media-amazon.com/images/M/MV5BM2MyNjYxNmUtYTAwNi00MTYxLWJmNWYtYzZlODY3ZTk3OTFlXkEyXkFqcGdeQXVyNzkwMjQ5NzM@._V1_.jpg'),
(3, 'The Dark Knight', 'When the menace known as the Joker wreaks havoc and chaos on the people of Gotham, Batman must accept one of the greatest psychological and physical tests of his ability to fight injustice.', 2008, 152, 9.0, 'USA', 'English', 'https://www.youtube.com/embed/LDG9bisJEaI', 'https://m.media-amazon.com/images/M/MV5BMTMxNTMwODM0NF5BMl5BanBnXkFtZTcwODAyMTk2Mw@@._V1_.jpg'),
(4, 'The Godfather Part II', 'The early life and career of Vito Corleone in 1920s New York City is portrayed, while his son, Michael, expands and tightens his grip on the family crime syndicate.', 1974, 202, 9.0, 'USA', 'English', 'https://www.youtube.com/embed/mCktxnczyOM', 'https://m.media-amazon.com/images/M/MV5BMWMwMGQzZTItY2JlNC00OWZiLWIyMDctNDk2ZDQ2YjRjMWQ0XkEyXkFqcGdeQXVyNzkwMjQ5NzM@._V1_.jpg'),
(5, '12 Angry Men', 'The jury in a New York City murder trial is frustrated by a single member whose skeptical caution forces them to more carefully consider the evidence before jumping to a hasty verdict.', 1957, 97, 9.0, 'USA', 'English', 'https://www.youtube.com/embed/TEN-2uTi2c0', 'https://upload.wikimedia.org/wikipedia/commons/b/b5/12_Angry_Men_%281957_film_poster%29.jpg'),
(6, 'Schindler''s List', 'In German-occupied Poland during World War II, industrialist Oskar Schindler gradually becomes concerned for his Jewish workforce after witnessing their persecution by the Nazis.',1993,195,9.0,'USA', 'English', 'https://www.youtube.com/embed/JdRGC-w9syA', 'https://m.media-amazon.com/images/M/MV5BNDE4OTMxMTctNmRhYy00NWE2LTg3YzItYTk3M2UwOTU5Njg4XkEyXkFqcGdeQXVyNjU0OTQ0OTY@._V1_.jpg'),
(7, 'The Lord of the Rings: The Return of the King', 'Gandalf and Aragorn lead the World of Men against Sauron''s army to draw his gaze from Frodo and Sam as they approach Mount Doom with the One Ring.',2003,201,9.0,'New Zealand & USA', 'English', 'https://www.youtube.com/embed/zckJCxYxn1g', 'https://m.media-amazon.com/images/M/MV5BNzA5ZDNlZWMtM2NhNS00NDJjLTk4NDItYTRmY2EwMWZlMTY3XkEyXkFqcGdeQXVyNzkwMjQ5NzM@._V1_FMjpg_UX1000_.jpg'),
(8, 'Pulp Fiction', 'The lives of two mob hitmen, a boxer, a gangster and his wife, and a pair of diner bandits intertwine in four tales of violence and redemption.', 1994, 154, 8.9, 'USA', 'English','https://www.youtube.com/embed/tGpTpVyI_OQ', 'https://m.media-amazon.com/images/M/MV5BNGNhMDIzZTUtNTBlZi00MTRlLWFjM2ItYzViMjE3YzI5MjljXkEyXkFqcGdeQXVyNzkwMjQ5NzM@._V1_.jpg'),
(9, 'The Lord of the Rings: The Fellowship of the Ring', 'A meek Hobbit from the Shire and eight companions set out on a journey to destroy the powerful One Ring and save Middle-earth from the Dark Lord Sauron.', 2001, 178, 8.8, 'New Zealand & USA', 'English', 'https://www.youtube.com/embed/aStYWD25fAQ', 'https://m.media-amazon.com/images/M/MV5BN2EyZjM3NzUtNWUzMi00MTgxLWI0NTctMzY4M2VlOTdjZWRiXkEyXkFqcGdeQXVyNDUzOTQ5MjY@._V1_.jpg'),
(10, 'Il buono, il brutto, il cattivo', 'A bounty hunting scam joins two men in an uneasy alliance against a third in a race to find a fortune in gold buried in a remote cemetery.', 1966, 161, 8.8, 'Italy', 'Italian', 'https://www.youtube.com/embed/IFNUGzCOQoI', 'https://m.media-amazon.com/images/M/MV5BNjJlYmNkZGItM2NhYy00MjlmLTk5NmQtNjg1NmM2ODU4OTMwXkEyXkFqcGdeQXVyMjUzOTY1NTc@._V1_FMjpg_UX1000_.jpg');

INSERT INTO "brDbproject_castcrew" (id, role, name, biography, "castcrewURL")
VALUES
(1, 'Director', 'Frank Darabont', 'Three-time Oscar nominee Frank Darabont was born in a refugee camp in 1959 in Montbeliard, France, the son of Hungarian parents who had fled Budapest during the failed 1956 Hungarian revolution. Brought to America as an infant, he settled with his family in Los Angeles and attended Hollywood High School. His first job in movies was as a production assistant on the 1981 low-budget film, Hell Night (1981), starring Linda Blair. He spent the next six years working in the art department as a set dresser and in set construction while struggling to establish himself as a writer. His first produced writing credit (shared) was on the 1987 film, Pesadelo em Elm Street 3 (1987), directed by Chuck Russell.', 'https://static.wikia.nocookie.net/walkingdead/images/3/39/Darabont_2.jpeg/revision/latest?cb=20210921135556'),
(2, 'Writer', 'Stephen King', 'Stephen Edwin King was born on September 21, 1947, at the Maine General Hospital in Portland. His parents were Nellie Ruth (Pillsbury), who worked as a caregiver at a mental institute, and Donald Edwin King, a merchant seaman. His father was born under the surname "Pollock," but used the last name "King," under which Stephen was born. He has an older brother, David. The Kings were a typical family until one night, when Donald said he was stepping out for cigarettes and was never heard from again. Ruth took over raising the family with help from relatives. They traveled throughout many states over several years, finally moving back to Durham, Maine, in 1958.', 'https://s2.glbimg.com/T2FdDzxNWiNEmBGwU8wkmjXHQ_4=/0x0:620x621/984x0/smart/filters:strip_icc()/i.s3.glbimg.com/v1/AUTH_71a8fe14ac6d40bd993eb59f7203fe6f/internal_photos/bs/2022/P/L/OuwBuVQ4uWCXtWnycu0g/stephen-king-gq.jpg'),
(3, 'Writer', 'Frank Darabont', 'Three-time Oscar nominee Frank Darabont was born in a refugee camp in 1959 in Montbeliard, France, the son of Hungarian parents who had fled Budapest during the failed 1956 Hungarian revolution. Brought to America as an infant, he settled with his family in Los Angeles and attended Hollywood High School. His first job in movies was as a production assistant on the 1981 low-budget film, Hell Night (1981), starring Linda Blair. He spent the next six years working in the art department as a set dresser and in set construction while struggling to establish himself as a writer. His first produced writing credit (shared) was on the 1987 film, Pesadelo em Elm Street 3 (1987), directed by Chuck Russell.', 'https://static.wikia.nocookie.net/walkingdead/images/3/39/Darabont_2.jpeg/revision/latest?cb=20210921135556'),
(4, 'Actor', 'Tim Robbins', 'Born in West Covina, California, but raised in New York City, Tim Robbins is the son of former The Highwaymen singer Gil Robbins and actress Mary Robbins (née Bledsoe). Robbins studied drama at UCLA, where he graduated with honors in 1981. That same year, he formed the Actors'' Gang theater group, an experimental ensemble that expressed radical political observations through the European avant-garde form of theater. He started film work in television movies in 1983, but hit the big time in 1988 with his portrayal of dimwitted fastball pitcher "Nuke" Laloosh in Jogo a Três Mãos (1988). Tall with baby-faced looks, he has the ability to play naive and obtuse (Um Sedutor em Apuros (1990) and O Grande Salto (1994)) or slick and shrewd (O Jogador (1992) and Bob Roberts - Candidato ao Poder (1992)).', 'https://cdn.britannica.com/32/198332-050-7D26EAB8/Tim-Robbins-2014.jpg'),
(5, 'Actor', 'Morgan Freeman', 'With an authoritative voice and calm demeanor, this ever popular American actor has grown into one of the most respected figures in modern US cinema. Morgan was born on June 1, 1937 in Memphis, Tennessee, to Mayme Edna (Revere), a teacher, and Morgan Porterfield Freeman, a barber. The young Freeman attended Los Angeles City College before serving several years in the US Air Force as a mechanic between 1955 and 1959. His first dramatic arts exposure was on the stage including appearing in an all-African American production of the exuberant musical Hello, Dolly!.', 'https://cdn.britannica.com/40/144440-050-DA828627/Morgan-Freeman.jpg'),
(6, 'Actor', 'Bob Gunton', 'Bob Gunton is an American actor, primarily known for portraying strict and authoritarian characters in popular films. His better known roles include Chief George Earle in "Demolition Man" (1993), Prison Warden Samuel Norton in "The Shawshank Redemption" (1994), medical school dean Dr. Walcott in "Patch Adams" (1998), and politician Cyrus Vance in "Argo" (2012).', 'https://flxt.tmsimg.com/assets/71567_v9_bb.jpg'),
(7, 'Director', 'Francis Ford Coppola', 'Francis Ford Coppola was born in 1939 in Detroit, Michigan, but grew up in a New York suburb in a creative, supportive Italian-American family. His father, Carmine Coppola, was a composer and musician. His mother, Italia Coppola (née Pennino), had been an actress. Francis Ford Coppola graduated with a degree in drama from Hofstra University, and did graduate work at UCLA in filmmaking. He was training as assistant with filmmaker Roger Corman, working in such capacities as sound-man, dialogue director, associate producer and, eventually, director of Demência 13 (1963), Coppola''s first feature film. During the next four years, Coppola was involved in a variety of script collaborations, including writing an adaptation of "This Property is Condemned" by Tennessee Williams (with Fred Coe and Edith Sommer), and screenplays for Paris Já Está a Arder? (1966) and Patton (1970), the film for which Coppola won a Best Original Screenplay Academy Award. In 1966, Coppola''s 2nd film brought him critical acclaim and a Master of Fine Arts degree. In 1969, Coppola and George Lucas established American Zoetrope, an independent film production company based in San Francisco. The company''s first project was THX 1138 (1971), produced by Coppola and directed by Lucas.', 'https://m.media-amazon.com/images/M/MV5BMTM5NDU3OTgyNV5BMl5BanBnXkFtZTcwMzQxODA0NA@@._V1_.jpg'),
(8, 'Writer', 'Mario Puzo', 'Mario Puzo was born October 15, 1920, in "Hell''s Kitchen" on Manhattan''s (NY) West Side and, following military service in World War II, attended New York''s New School for Social Research and Columbia University. His best-known novel, "The Godfather," was preceded by two critically acclaimed novels, "The Dark Arena" and "The Fortunate Pilgrim." In 1978, he published "Fools Die," followed by "The Sicilian" (1984) and "The Fourth K" (1991). Mario Puzo has also written several screenplays, including Terramoto (1974), Superman (1978), and all three "Godfather" movies, for which he received two Academy Awards. Mario''s latest novel, 1996''s "The Last Don," was made into a CBS television miniseries in May 1997, starring Danny Aiello, Kirstie Alley and Joe Mantegna. In 1997, Part II was aired. Also in 1997, Mario''s "The Fortunate Pilgrim" was re-released by Random House. Mario passed away July 2, 1999, at his home in Bay Shore, Long Island. His last novel, "Omerta," will be published July, 2000. He is survived by his companion of 20 years, Carol Gino, and five children.', 'https://m.media-amazon.com/images/M/MV5BMjE1NjkxMDE3NV5BMl5BanBnXkFtZTcwNjI0MDMyOA@@._V1_.jpg'),
(9, 'Writer', 'Francis Ford Coppola', 'Francis Ford Coppola was born in 1939 in Detroit, Michigan, but grew up in a New York suburb in a creative, supportive Italian-American family. His father, Carmine Coppola, was a composer and musician. His mother, Italia Coppola (née Pennino), had been an actress. Francis Ford Coppola graduated with a degree in drama from Hofstra University, and did graduate work at UCLA in filmmaking. He was training as assistant with filmmaker Roger Corman, working in such capacities as sound-man, dialogue director, associate producer and, eventually, director of Demência 13 (1963), Coppola''s first feature film. During the next four years, Coppola was involved in a variety of script collaborations, including writing an adaptation of "This Property is Condemned" by Tennessee Williams (with Fred Coe and Edith Sommer), and screenplays for Paris Já Está a Arder? (1966) and Patton (1970), the film for which Coppola won a Best Original Screenplay Academy Award. In 1966, Coppola''s 2nd film brought him critical acclaim and a Master of Fine Arts degree. In 1969, Coppola and George Lucas established American Zoetrope, an independent film production company based in San Francisco. The company''s first project was THX 1138 (1971), produced by Coppola and directed by Lucas.', 'https://m.media-amazon.com/images/M/MV5BMTM5NDU3OTgyNV5BMl5BanBnXkFtZTcwMzQxODA0NA@@._V1_.jpg'),
(10, 'Actor', 'Marlon Brando', 'Marlon Brando is widely considered the greatest movie actor of all time, rivaled only by the more theatrically oriented Laurence Olivier in terms of esteem. Unlike Olivier, who preferred the stage to the screen, Brando concentrated his talents on movies after bidding the Broadway stage adieu in 1949, a decision for which he was severely criticized when his star began to dim in the 1960s and he was excoriated for squandering his talents. No actor ever exerted such a profound influence on succeeding generations of actors as did Brando. More than 50 years after he first scorched the screen as Stanley Kowalski in the movie version of Tennessee Williams'' Um Eléctrico Chamado Desejo (1951) and a quarter-century after his last great performance as Col. Kurtz in Francis Ford Coppola''s Apocalypse Now (1979), all American actors are still being measured by the yardstick that was Brando.', 'https://upload.wikimedia.org/wikipedia/commons/thumb/e/e3/Marlon_Brando_by_Edward_Cronenweth%2C_1955.jpg/1200px-Marlon_Brando_by_Edward_Cronenweth%2C_1955.jpg'),
(11, 'Actor', 'Al Pacino', 'Alfredo James "Al" ''Pacino established himself as a film actor during one of cinema''s most vibrant decades, the 1970s, and has become an enduring and iconic figure in the world of American movies. He was born April 25, 1940 in Manhattan, New York City, to Italian-American parents, Rose (nee Gerardi) and Sal Pacino. They divorced when he was young. His mother moved them into his grandparents'' home in the South Bronx. Pacino found himself often repeating the plots and voices of characters he had seen in the movies. Bored and unmotivated in school, he found a haven in school plays, and his interest soon blossomed into a full-time career. Starting onstage, he went through a period of depression and poverty, sometimes having to borrow bus fare to succeed to auditions. He made it into the prestigious Actors Studio in 1966, studying under Lee Strasberg, creator of the Method Approach that would become the trademark of many 1970s-era actors.', 'https://pyxis.nymag.com/v1/imgs/bc9/ccb/936534d0b82b77cf0ffbac92010ee38ea3-06-al-pacino.2x.rvertical.w512.jpg'),
(12, 'Actor', 'James Caan', 'A masculine and enigmatic actor whose life and movie career have had more ups and downs than the average rollercoaster and whose selection of roles has arguably derailed him from achieving true superstar status, James Caan is New York-born and bred.', 'https://m.media-amazon.com/images/M/MV5BMTI5NjkyNDQ3NV5BMl5BanBnXkFtZTcwNjY5NTQ0Mw@@._V1_.jpg'),
(13, 'Director', 'Christopher Nolan', 'Best known for his cerebral, often nonlinear, storytelling, acclaimed writer-director Christopher Nolan was born on July 30, 1970, in London, England. Over the course of 15 years of filmmaking, Nolan has gone from low-budget independent films to working on some of the biggest blockbusters ever made.', 'https://flxt.tmsimg.com/assets/233377_v9_bb.jpg'),
(14, 'Writer', 'Jonathan Nolan', 'Attended Loyola Academy in Wilmette, Illinois, graduating in 1994.Graduated from Georgetown University in Washington, D.C. in 1999. Majored in English.Shortly after graduating from Georgetown University, Jonathan Nolan served as a production assistant on Memento (2000).Wrote the short story, "Memento Mori", on which the film Memento (2000) is based.Was co-writer, with his brother Christopher Nolan, on O Terceiro Passo (2006), O Cavaleiro das Trevas (2008) and O Cavaleiro das Trevas Renasce (2012). Also co-wrote the Exterminador Implacável - A Salvação (2009).', 'https://upload.wikimedia.org/wikipedia/commons/thumb/0/01/Jonathan_Nolan_%2848452507037%29_%28cropped%29.jpg/1200px-Jonathan_Nolan_%2848452507037%29_%28cropped%29.jpg'),
(15, 'Writer', 'Christopher Nolan', 'Best known for his cerebral, often nonlinear, storytelling, acclaimed writer-director Christopher Nolan was born on July 30, 1970, in London, England. Over the course of 15 years of filmmaking, Nolan has gone from low-budget independent films to working on some of the biggest blockbusters ever made.', 'https://flxt.tmsimg.com/assets/233377_v9_bb.jpg'),
(16, 'Writer', 'David S. Goyer', 'David S. Goyer was born on 22 December 1965 in Ann Arbor, Michigan, USA. He is a writer and producer, known for Cidade Misteriosa (1998), O Cavaleiro das Trevas (2008) and FlashForward (2009). He is married to Marina Black. They have two children.', 'https://flxt.tmsimg.com/assets/371148_v9_bb.jpg'),
(17, 'Actor', 'Christian Bale', 'Christian Charles Philip Bale was born in Pembrokeshire, Wales, UK on January 30, 1974, to English parents Jennifer "Jenny" (James) and David Bale. His mother was a circus performer and his father, who was born in South Africa, was a commercial pilot. The family lived in different countries throughout Bale''s childhood, including England, Portugal, and the United States. Bale acknowledges the constant change was one of the influences on his career choice.', 'https://upload.wikimedia.org/wikipedia/commons/thumb/c/c2/Christian_Bale-7838.jpg/1200px-Christian_Bale-7838.jpg'),
(18, 'Actor', 'Heath Ledger', 'When hunky, twenty-year-old heart-throb Heath Ledger first came to the attention of the public in 1999, it was all too easy to tag him as a "pretty boy" and an actor of little depth. He spent several years trying desperately to sway this image, but this was a double-edged sword. His work comprised nineteen films, including 10 Coisas Que Odeio em Ti (1999), O Patriota (2000), Coração de Cavaleiro (2001), Monster''s Ball - Depois do Ódio (2001), Ned Kelly (2003), Os Irmãos Grimm (2005), Os Reis de Dogtown (2005), O Segredo de Brokeback Mountain (2005), Casanova (2005), Candy (2006), I''m Not There - Não Estou Aí (2007), O Cavaleiro das Trevas (2008) and Parnassus - O Homem Que Queria Enganar o Diabo (2009). He also produced and directed music videos and aspired to be a film director.', 'https://www.biography.com/.image/t_share/MTgwNzU5NjQwNDcwOTg3ODY0/heath_ledger_getty_images_photo_bob_riha_jr_wireimage_116948085.jpg'),
(19, 'Actor', 'Aaron Eckhart', 'Aaron Edward Eckhart is an American actor. Born in Cupertino, California, Eckhart moved to the United Kingdom at an early age, when his father relocated the family. Several years later, he began his acting career by performing in school plays, before moving to Australia for his high school senior year. He left high school without graduating, but earned a diploma through a professional education course, and graduated from Brigham Young University (BYU) in 1994 with a Bachelor of Fine Arts (BFA) degree in film. For much of the mid-1990s, he lived in New York City as a struggling, unemployed actor.', 'https://upload.wikimedia.org/wikipedia/commons/thumb/3/30/Aaron_Eckhart_%2829830286295%29_%28cropped%29.jpg/1200px-Aaron_Eckhart_%2829830286295%29_%28cropped%29.jpg'),
(20, 'Actor', 'Robert De Niro', 'One of the greatest actors of all time, Robert De Niro was born on August 17, 1943 in Manhattan, New York City, to artists Virginia (Admiral) and Robert De Niro Sr. His paternal grandfather was of Italian descent, and his other ancestry is Irish, English, Dutch, German, and French. He was trained at the Stella Adler Conservatory and the American Workshop. De Niro first gained fame for his role in Amigos Para Sempre (1973), but he gained his reputation as a volatile actor in Os Cavaleiros do Asfalto (1973), which was his first film with director Martin Scorsese. He received an Academy Award for Best Supporting Actor for his role in O Padrinho: Parte II (1974) and received Academy Award nominations for best actor in Taxi Driver (1976), O Caçador (1978) and O Cabo do Medo (1991). He received the Academy Award for Best Actor for his role as Jake LaMotta in O Touro Enraivecido (1980).', 'https://br.web.img3.acsta.net/pictures/15/09/16/17/30/201281.jpg'),
(21, 'Actor', 'Robert Duvall', 'Veteran actor and director Robert Selden Duvall was born on January 5, 1931, in San Diego, CA, to Mildred Virginia (Hart), an amateur actress, and William Howard Duvall, a career military officer who later became an admiral. Duvall majored in drama at Principia College (Elsah, IL), then served a two-year hitch in the army after graduating in 1953. He began attending The Neighborhood Playhouse School of the Theatre In New York City on the G.I. Bill in 1955, studying under Sanford Meisner along with Dustin Hoffman, with whom Duvall shared an apartment. Both were close to another struggling young actor named Gene Hackman. Meisner cast Duvall in the play "The Midnight Caller" by Horton Foote, a link that would prove critical to his career, as it was Foote who recommended Duvall to play the mentally disabled "Boo Radley" in Na Sombra e no Silêncio (1962). This was his first "major" role since his 1956 motion picture debut as an MP in Marcado Pelo Ódio (1956), starring Paul Newman.', 'https://musicimage.xboxlive.com/catalog/video.contributor.9b9b0000-0200-11db-89ca-0019b92a3933/image?locale=en-ca&target=circle'),
(22, 'Director', 'Sidney Lumet', 'Sidney Lumet was a master of cinema, best known for his technical knowledge and his skill at getting first-rate performances from his actors -- and for shooting most of his films in his beloved New York. He made over 40 movies, often complex and emotional, but seldom overly sentimental. Although his politics were somewhat left-leaning and he often treated socially relevant themes in his films, Lumet didn''t want to make political movies in the first place.', 'https://cdn.britannica.com/93/208793-050-3E4EC101/Sidney-Lumet-Academy-Award-lifetime-achievement-2005.jpg'),
(23, 'Writer', 'Reginald Rose', 'Reginald Rose was born on 10 December 1920 in Manhattan, New York City, New York, USA. He was a writer and producer, known for Doze Homens em Fúria (1957), Studio One (1948) and The Defenders (1961). He was previously married to Ellen McLaughlin and Barbara E. Langbart. He died on 19 April 2002 in Norwalk, Connecticut, USA.', 'https://m.media-amazon.com/images/M/MV5BNGY1NWMxNzAtMDFlMi00OWI5LTg0ZDctZDE2OTQ0YjZjNTFjXkEyXkFqcGdeQXVyMTc4MzI2NQ@@._V1_.jpg'),
(24, 'Actor', 'Henry Fonda', 'This remarkable, soft-spoken American began in films as a diffident juvenile. With passing years, he matured into a star character actor who exemplified not only integrity and strength, but an ideal of the common man fighting against social injustice and oppression. He was born in Grand Island, Hall, Nebraska, the son of Herberta Elma (Jaynes) and William Brace Fonda, who was a commercial printer, and proprietor of the W. B. Fonda Printing Company in Omaha, Nebraska. His distant ancestors were Italians who had fled their country and moved to Holland, presumably because of political or religious persecution. In the mid-1600s, they crossed the Atlantic and settled in upstate New York where they founded a community with the Fonda name.', 'https://upload.wikimedia.org/wikipedia/commons/thumb/0/0c/Henry_Fonda_in_Warlock.jpg/1200px-Henry_Fonda_in_Warlock.jpg'),
(25, 'Actor', 'Lee J. Cobb', 'Lee J. Cobb, one of the premier character actors in American film for three decades in the post-World War II period, was born Leo Jacoby in New York City''s Lower East Side on December 8, 1911. The son of a Jewish newspaper editor, young Leo was a child prodigy in music, mastering the violin and the harmonica. Any hopes of a career as a violin virtuoso were dashed when he broke his wrist, but his talent on the harmonica may have brought him his first professional success. At the age of 16 or 17 he ran away from home to Hollywood to try to break into motion pictures as an actor. He reportedly made his film debut as a member of Borrah Minevitch and His Harmonica Rascals (their first known movie appearance was in the 1929 two-reeler Boyhood Days), but that cannot be substantiated. However, it''s known that after Leo was unable to find work he returned to New York City, where he attended New York University at night to study accounting while acting in radio dramas during the day.', 'https://flxt.tmsimg.com/assets/38486_v9_ba.jpg'),
(26, 'Actor', 'Martin Balsam', 'Martin Henry Balsam was born on November 4, 1919 in the Bronx, New York City, to Lillian (Weinstein) and Albert Balsam, a manufacturer of women''s sportswear. He was the first-born child. His father was a Russian Jewish immigrant, and his mother was born in New York, to Russian Jewish parents. Martin caught the acting bug in high school where he participated in the drama club. After high school, he continued his interest in acting by attending Manhattan''s progressive New School. When World War II broke out, Martin was called to service in his early twenties. After the war, he was lucky to secure a position as an usher at Radio City Music Hall in New York City. By 1947, he was honing his craft at the Actors Studio, run at that time by Elia Kazan and Lee Strasberg. His time at the Actors Studio in New York City allowed him training in the famous Stanislavsky method. Despite his excellent training, he had to prove himself, just like any up and coming young actor. He began on Broadway in the late 1940s. But, it was not until 1951 that he experienced real success. That play was Tennessee Williams'' "The Rose Tattoo". After his Broadway success, he had a few minor television roles before his big break arrived when he joined the cast of Há Lodo no Cais (1954). In the 1950s, Martin had many television roles. He had recurring roles on some of the most popular television series of that time, including The United States Steel Hour (1953), The Philco Television Playhouse (1948), Goodyear Television Playhouse (1951) and Studio One (1948). In 1957, he was able to prove himself on the big-screen once again, with a prominent role in Doze Homens em Fúria (1957), directed by Sidney Lumet and starring Henry Fonda.', 'https://upload.wikimedia.org/wikipedia/commons/thumb/9/93/Martin_Balsam_Film_Still.jpg/1200px-Martin_Balsam_Film_Still.jpg'),
(27, 'Director', 'Steven Spielberg', 'One of the most influential personalities in the history of cinema, Steven Spielberg is Hollywood''s best known director and one of the wealthiest filmmakers in the world. He has an extraordinary number of commercially successful and critically acclaimed credits to his name, either as a director, producer or writer since launching the summer blockbuster with Jaws (1975), and he has done more to define popular film-making since the mid-1970s than anyone else.', 'https://m.media-amazon.com/images/M/MV5BMTY1NjAzNzE1MV5BMl5BanBnXkFtZTYwNTk0ODc0._V1_.jpg'),
(28, 'Writer', 'Thomas Keneally','Thomas Keneally, (born October 7, 1935, Sydney, Australia), Australian writer best known for his historical novels. Keneally''s characters are gripped by their historical and personal past, and decent individuals are portrayed at odds with systems of authority.','https://upload.wikimedia.org/wikipedia/commons/b/b7/Thomas_Keneally_Festival_Cine_Sidney.jpg'),
(29, 'Writer', 'Steven Zaillian', 'Steven Zaillian was born on 30 January 1953 in Fresno, California, USA. He is a writer and producer, known for Searching for Bobby Fischer (1993), A Civil Action (1998) and Moneyball (2011). He is married to Elizabeth Zaillian. They have two children.', 'https://m.media-amazon.com/images/M/MV5BMjA2MDc1NzI3MV5BMl5BanBnXkFtZTcwODkyMDA1OA@@._V1_.jpg'),
(30, 'Actor', 'Liam Neeson', 'Liam Neeson was born on June 7, 1952 in Ballymena, Northern Ireland, to Katherine (Brown), a cook, and Bernard Neeson, a school caretaker. He was raised in a Catholic household. During his early years, Liam worked as a forklift operator for Guinness, a truck driver, an assistant architect and an amateur boxer. He had originally sought a career as a teacher by attending St. Mary''s Teaching College, Newcastle. However, in 1976, Neeson joined the Belfast Lyric Players'' Theater and made his professional acting debut in the play "The Risen People".','https://upload.wikimedia.org/wikipedia/commons/b/b9/Liam_Neeson_Deauville_2012.jpg'),
(31, 'Actor', 'Ben Kingsley', 'Ben Kingsley was born Krishna Bhanji on December 31, 1943 in Scarborough, Yorkshire, England. His father, Rahimtulla Harji Bhanji, was a Kenyan-born medical doctor, of Gujarati Indian descent, and his mother, Anna Lyna Mary (Goodman), was an English actress. Ben began to act in stage plays during the 1960s. He soon became a successful stage actor, and also began to have roles in films and television. His birth name was Krishna Bhanji, but he changed his name to "Ben Kingsley" soon after gaining fame as a stage actor, fearing that a foreign name could hamper his acting career.', 'https://m.media-amazon.com/images/M/MV5BOTU2Njg2NzM4M15BMl5BanBnXkFtZTgwNjYwNjQwMTI@._V1_.jpg'),
(32, 'Actor', 'Ralph Fiennes', 'Actor Ralph Nathaniel Twisleton-Wykeham-Fiennes was born on December 22, 1962 in Suffolk, England, to Jennifer Anne Mary Alleyne (Lash), a novelist, and Mark Fiennes, a photographer. He is the eldest of six children. Four of his siblings are also in the arts: Martha Fiennes, a director; Magnus Fiennes, a musician; Sophie Fiennes, a producer; and Joseph Fiennes, an actor. He is of English, Irish, and Scottish origin.A noted Shakespeare interpreter, he first achieved success onstage at the Royal National Theatre.', 'https://cdn.britannica.com/63/212163-050-A266B2D0/Ralph-Fiennes-English-actor-2016.jpg'),
(33, 'Director', 'Peter Jackson', 'Sir Peter Jackson made history with The Lord of the Rings trilogy, becoming the first person to direct three major feature films simultaneously. The Fellowship of the Ring, The Two Towers and The Return of the King were nominated for and collected a slew of awards from around the globe, with The Return of the King receiving his most impressive collection of awards. This included three Academy Awards® (Best Adapted Screenplay, Best Director and Best Picture), two Golden Globes (Best Director and Best Motion Picture-Drama), three BAFTAs (Best Adapted Screenplay, Best Film and Viewers'' Choice), a Directors Guild Award, a Producers Guild Award and a New York Film Critics Circle Award.','https://flxt.tmsimg.com/assets/154972_v9_bb.jpg'),
(34, 'Writer', 'J.R.R. Tolkien', 'English writer, scholar and philologist, Tolkien''s father was a bank manager in South Africa. Shortly before his father died (1896) his mother took him and his younger brother to his father''s native village of Sarehole, near Birmingham, England. The landscapes and Nordic mythology of the Midlands may have been the source for Tolkien''s fertile imagination to write about ''the Shire'' and ''hobbits'' in his later book the Hobbit (1937). After his mother''s death in 1904 he was looked after by Father Francis Xavier Morgan a RC priest of the Congregation of the Oratory.', 'https://m.media-amazon.com/images/M/MV5BMGMxMmRkNzctMWQzYy00MTY3LWEzMDAtMzEzMDhkZWI4MjZlXkEyXkFqcGdeQXVyNDUzOTQ5MjY@._V1_.jpg'),
(35, 'Writer', 'Fran Walsh', 'Fran Walsh is a New Zealand writer and wife of New Zealand film director Peter Jackson. She co-wrote The Lord of the Rings film trilogy, which is seen by many as Jackson''s magnum opus and one of the most significant film series ever made. She also wrote The Hobbit trilogy, a prequel to Jackson''s Lord of the Rings trilogy, King Kong, Mortal Engines, The Frighteners, Heavenly Creatures, The Lovely Bones and Meet the Feebles.', 'https://m.media-amazon.com/images/M/MV5BNTg2MzE0ODAyNV5BMl5BanBnXkFtZTcwNjk4NDgxOA@@._V1_.jpg'),
(36, 'Writer', 'Philippa Boyens', 'Philippa Boyens is a New Zealand writer and producer who has co-written several of Peter Jackson''s films. She co-wrote the Academy Award winning Lord of the Rings trilogy, the Hobbit trilogy which is a prequel to the Lord of the Rings films, The Lovely Bones, Mortal Engines, and the 2005 remake of King Kong. She also co-produced District 9.', 'https://m.media-amazon.com/images/M/MV5BMTUwNTcwMjE3M15BMl5BanBnXkFtZTYwNDc4NTgz._V1_.jpg'),
(37, 'Actor', 'Elijah Wood', 'Elijah Wood is an American actor best known for portraying Frodo Baggins in Peter Jackson''s blockbuster Lord of the Rings film trilogy. In addition to reprising the role in The Hobbit series, Wood also played Ryan in the FX television comedy Wilfred (2011) and voiced Beck in the Disney XD animated television series TRON: Uprising (2012).Born Elijah Jordan Wood on 28 January, 1981, in Cedar Rapids, Iowa, Wood is the son of Debbie (Krause) and Warren Wood, who ran a delicatessen. He has an older brother, Zach, and a younger sister, Hannah Wood. He is of English, German, Austrian, and Danish descent.', 'https://m.media-amazon.com/images/M/MV5BMTM0NDIxMzQ5OF5BMl5BanBnXkFtZTcwNzAyNTA4Nw@@._V1_.jpg'),
(38, 'Actor', 'Viggo Mortensen', 'Since his screen debut as a young Amish farmer in Peter Weir''s A Testemunha (1985), Viggo Mortensen''s career has been marked by a steady string of well-rounded performances.Mortensen was born in New York City, to Grace Gamble (Atkinson) and Viggo Peter Mortensen, Sr. His father was Danish, his mother was American, and his maternal grandfather was Canadian. His parents met in Norway. They wed and moved to New York, where Viggo, Jr. was born, before moving to South America, where Viggo, Sr. managed chicken farms and ranches in Venezuela and Argentina.', 'https://m.media-amazon.com/images/M/MV5BNDQzOTg4NzA2Nl5BMl5BanBnXkFtZTcwMzkwNjkxMg@@._V1_.jpg'),
(39, 'Actor', 'Ian McKellen', 'Widely regarded as one of greatest stage and screen actors both in his native Great Britain and internationally, twice nominated for the Oscar and recipient of every major theatrical award in the UK and US, Ian Murray McKellen was born on May 25, 1939 in Burnley, Lancashire, England, to Margery Lois (Sutcliffe) and Denis Murray McKellen, a civil engineer and lay preacher. He is of Scottish, Northern Irish, and English descent. During his early childhood, his parents moved with Ian and his older sister, Jean, to the mill town of Wigan. It was in this small town that young Ian rode out World War II.', 'https://flxt.tmsimg.com/assets/71249_v9_bc.jpg'),
(40, 'Director', 'Quentin Tarantino', 'Quentin Jerome Tarantino was born in Knoxville, Tennessee. His father, Tony Tarantino, is an Italian-American actor and musician from New York, and his mother, Connie (McHugh), is a nurse from Tennessee. Quentin moved with his mother to Torrance, California, when he was four years old.In January of 1992, first-time writer-director Tarantino''s Reservoir Dogs (1992) appeared at the Sundance Film Festival. The film garnered critical acclaim and the director became a legend immediately.', 'https://m.media-amazon.com/images/M/MV5BMTgyMjI3ODA3Nl5BMl5BanBnXkFtZTcwNzY2MDYxOQ@@._V1_.jpg'),
(41, 'Writer', 'Quentin Tarantino', 'Quentin Jerome Tarantino was born in Knoxville, Tennessee. His father, Tony Tarantino, is an Italian-American actor and musician from New York, and his mother, Connie (McHugh), is a nurse from Tennessee. Quentin moved with his mother to Torrance, California, when he was four years old.In January of 1992, first-time writer-director Tarantino''s Reservoir Dogs (1992) appeared at the Sundance Film Festival. The film garnered critical acclaim and the director became a legend immediately.', 'https://m.media-amazon.com/images/M/MV5BMTgyMjI3ODA3Nl5BMl5BanBnXkFtZTcwNzY2MDYxOQ@@._V1_.jpg'),
(42, 'Writer', 'Roger Avary', 'Award-winning filmmaker Roger Avary first began experimenting in Beta I video and 8mm film formats during the late 1970s. In 1983, his Super-8mm supernatural thriller The Worm Turns won Best Film from the Los Angeles Film Teachers Association Film Expo. He went on to attend the Pasadena Art Center College of Design''s film program.', 'https://upload.wikimedia.org/wikipedia/commons/3/35/Avary%2C_Roger_%282007%29.jpg'),
(43, 'Actor', 'John Travolta', 'John Joseph Travolta was born in Englewood, New Jersey, one of six children of Helen Travolta (née Helen Cecilia Burke) and Salvatore/Samuel J. Travolta. His father was of Italian descent and his mother was of Irish ancestry. His father owned a tire repair shop called Travolta Tires in Hillsdale, NJ. Travolta started acting appearing in a local production of "Who''ll Save the Plowboy?". His mother, herself an actress and dancer, enrolled him in a drama school in New York, where he studied voice, dancing and acting. ', 'https://upload.wikimedia.org/wikipedia/commons/3/3e/John_Travolta_Cannes_2018_%28cropped%29.jpg'),
(44, 'Actor', 'Uma Thurman', 'Uma Karuna Thurman was born in Boston, Massachusetts, into a highly unorthodox and internationally-minded family. She is the daughter of Nena Thurman (née Birgitte Caroline von Schlebrügge), a fashion model and socialite who now runs a mountain retreat, and of Robert Thurman (Robert Alexander Farrar Thurman), a professor and academic who is one of the nation''s foremost Buddhist scholars. Uma''s mother was born in Mexico City, Mexico, to a German father and a Swedish mother (who herself was of Swedish, Danish, and German descent).', 'https://m.media-amazon.com/images/M/MV5BMjMxNzk1MTQyMl5BMl5BanBnXkFtZTgwMDIzMDEyMTE@._V1_.jpg'),
(45, 'Actor', 'Samuel L. Jackson', 'Samuel L. Jackson is an American producer and highly prolific actor, having appeared in over 100 films, including Die Hard with a Vengeance (1995), Unbreakable (2000), Shaft (2000), The 51st State (2001), Black Snake Moan (2006), Snakes on a Plane (2006), and the Star Wars prequel trilogy (1999-2005), as well as the Marvel Cinematic Universe.Samuel Leroy Jackson was born in Washington, D.C., to Elizabeth (Montgomery) and Roy Henry Jackson. He was raised by his mother, a factory worker, and his grandparents.', 'https://cdn.britannica.com/77/191077-050-63262B99/Samuel-L-Jackson.jpg'),
(46, 'Actor', 'Orlando Bloom','Orlando Jonathan Blanchard Copeland Bloom was born on January 13, 1977 in Canterbury, Kent, England. His mother, Sonia Constance Josephine Bloom (née Copeland), was born in Kolkata, India, to an English family then-resident there. The man he first knew as his father, Harry Bloom, was a legendary political activist who fought for civil rights in South Africa. But Harry died of a stroke when Orlando was only four years old. After that, Orlando and his older sister, Samantha Bloom, were raised by their mother and family friend, Colin Stone.', 'https://upload.wikimedia.org/wikipedia/commons/8/81/Orlando_Bloom_Cannes_2013.jpg'),
(47, 'Director', 'Sergio Leone', 'Sergio Leone was virtually born into the cinema - he was the son of Roberto Roberti (A.K.A. Vincenzo Leone), one of Italy''s cinema pioneers, and actress Bice Valerian. Leone entered films in his late teens, working as an assistant director to both Italian directors and U.S. directors working in Italy (usually making Biblical and Roman epics, much in vogue at the time). Towards the end of the 1950s he started writing screenplays, and began directing after taking over Gli ultimi giorni di Pompei (1959) in mid-shoot after its original director fell ill. ', 'https://m.media-amazon.com/images/M/MV5BMTk4Njk5MzY3MV5BMl5BanBnXkFtZTcwMTEyMzE0NA@@._V1_.jpg'),
(48, 'Writer', 'Sergio Leone', 'Sergio Leone was virtually born into the cinema - he was the son of Roberto Roberti (A.K.A. Vincenzo Leone), one of Italy''s cinema pioneers, and actress Bice Valerian. Leone entered films in his late teens, working as an assistant director to both Italian directors and U.S. directors working in Italy (usually making Biblical and Roman epics, much in vogue at the time). Towards the end of the 1950s he started writing screenplays, and began directing after taking over Gli ultimi giorni di Pompei (1959) in mid-shoot after its original director fell ill. ', 'https://m.media-amazon.com/images/M/MV5BMTk4Njk5MzY3MV5BMl5BanBnXkFtZTcwMTEyMzE0NA@@._V1_.jpg'),
(49, 'Writer', 'Luciano Vincenzoni', 'Luciano Vincenzoni, born in Treviso, March 7, 1926, studied law in Rome and Padua. In 1952, with his friend Tony Roma, he produced "Oliva Incantesimo Tragico", starring María Félix. In 1954, he wrote his first script "Hanno Rubato un Tram", directed by Aldo Fabrizi. In this year, he met ''Pietro Germi'' and wrote "The Railroad Man". ', 'https://m.media-amazon.com/images/M/MV5BMzNlYWNiY2ItYzk1MC00NjFiLTgyZmUtZmU4MDM1ZGY0MGZkXkEyXkFqcGdeQXVyNDAxOTExNTM@._V1_.jpg'),
(50, 'Writer', 'Agenore Incrocci', 'Agenore Incrocci was born on 4 July 1919 in Brescia, Lombardy, Italy. He was a writer and director, known for I soliti ignoti (1958), I compagni (1963) and Il buono, il brutto, il cattivo (1966). He died on 15 November 2005 in Rome, Lazio, Italy.', 'https://images.mubicdn.net/images/cast_member/2747/cache-66026-1348848560/image-w856.jpg'),
(51, 'Actor', 'Clint Eastwood', 'Clint Eastwood was born May 31, 1930 in San Francisco, the son of Clinton Eastwood Sr., a bond salesman and later manufacturing executive for Georgia-Pacific Corporation, and Ruth Wood (née Margret Ruth Runner), a housewife turned IBM clerk. He had a comfortable, middle-class upbringing in nearby Piedmont. At school Clint took interest in music and mechanics, but was an otherwise bored student; this resulted in being held back a grade. In 1949, when Eastwood was 19, his parents and younger sister relocated to Seattle, and Clint spent a couple years working menial jobs in the Pacific Northwest.', 'https://upload.wikimedia.org/wikipedia/commons/thumb/7/7e/Clint_Eastwood_at_2010_New_York_Film_Festival.jpg/640px-Clint_Eastwood_at_2010_New_York_Film_Festival.jpg'),
(52, 'Actor', 'Eli Wallach', 'One of Hollywood''s finest character / "Method" actors, Eli Wallach was in demand for over 60 years (first film/TV role was 1949) on stage and screen, and has worked alongside the world''s biggest stars, including Clark Gable, Clint Eastwood, Steve McQueen, Marilyn Monroe, Yul Brynner, Peter O''Toole, and Al Pacino, to name but a few.Wallach was born on 7 December 1915 in Brooklyn, NY, to Jewish parents who emigrated from Poland, and was one of the few Jewish kids in his mostly Italian neighborhood. His parents, Bertha (Schorr) and Abraham Wallach, owned a candy store, Bertha''s Candy Store.', 'https://upload.wikimedia.org/wikipedia/commons/a/a8/Eli_Wallach_-_publicity.jpg'),
(53, 'Actor', 'Lee Van Cleef', 'One of the great movie villains, Clarence Leroy Van Cleef, Jr. was born in Somerville, New Jersey, to Marion Lavinia (Van Fleet) and Clarence LeRoy Van Cleef, Sr. His parents were of Dutch ancestry. Van Cleef started out as an accountant. He served in the U.S. Navy aboard minesweepers and sub chasers during World War II. After the war he worked as an office administrator, becoming involved in amateur theatrics in his spare time. An audition for a professional role led to a touring company job in "Mr. Roberts". ', 'https://upload.wikimedia.org/wikipedia/commons/e/e6/Lee_Van_Cleef_-_Death_Rides_A_Horse_%281%29.jpg');

INSERT INTO "brDbproject_reviews" (id, username, title, content, movie_id, rating) 
VALUES
(1, 'Sleepin_Dragon', 'An incredible movie. One that lives with you.', 'It is no wonder that the film has such a high rating, it is quite literally breathtaking. What can I say that hasnt said before? Not much, its the story, the acting, the premise, but most of all, this movie is about how it makes you feel. Sometimes you watch a film, and cant remember it days later, this film loves with you, once youve seen it, you dont forget. The ultimate story of friendship, of hope, and of life, and overcoming adversity. I understand why so many class this as the best film of all time, it isnt mine, but I get it. If you havent seen it, or havent seen it for some time, you need to watch it, its amazing. 10/10.', (select id from "brDbproject_movies" where title='The Shawshank Redemption'), 10),
(2, 'auuwws', 'the shawshank redemption', 'The best movie in history and the best ending in any entertainment business', (select id from "brDbproject_movies" where title='The Shawshank Redemption'), 10),
(3, 'gogoschka-1', 'For Me, This Is The Definitive Film', 'This isn''t just a beautifully crafted gangster film. Or an outstanding family portrait, for that matter. An amazing period piece. A character study. A lesson in filmmaking and an inspiration to generations of actors, directors, screenwriters and producers. For me, this is more: this is the definitive film. 10 stars out of 10.', (select id from "brDbproject_movies" where title='The Godfather'), 10),
(4, 'MR-ODIN', 'The greatest movie of all time!', 'One of the best films of all time, an absolute masterpiece. The Godfather is arguably the best gangster drama as well as setting the standard for cinema.', (select id from "brDbproject_movies" where title='The Godfather'), 10),
(5, 'mm-39', 'perfect', 'This movie is strong, good script, great casting, excellent acting, and over the top directing. It is hard to fine a movie done this well, it is 29 years old and has aged well. Even if the viewer does not like mafia type of movies, he or she will watch the entire film, the audiences is glued to what will happen next as the film progresses. Its about, family, loyalty, greed, relationships, and real life. This is a great mix, and the artistic style make the film memorable.', (select id from "brDbproject_movies" where title='The Godfather'), 10),
(6, 'MR-ODIN', 'The Dark Knight', 'Confidently directed, dark, brooding, and packed with impressive action sequences and a complex story, The Dark Knight includes a career-defining turn from Heath Ledger as well as other Oscar worthy performances, TDK remains not only the best Batman movie, but comic book movie ever created.', (select id from "brDbproject_movies" where title='The Dark Knight'), 10),
(7, 'MR-ODIN', 'Best gangster dramas of all time arguably', '"The Godfather: Part II" is a very suspenseful drama with a very exciting story, with great acting and great special effects. I would definitely recommend you watch this movie...but first watch the original classic from 1972 "The Godfather" . The movie may not be as good as the first movie but is still an amazing sequel.', (select id from "brDbproject_movies" where title='The Godfather Part II'), 10),
(8, 'OriginalMovieBuff21', 'One of the greatest sequels ever made', 'After seeing The Godfather and improving it as one of my favorite films, I wanted to get more into The Godfather so I rented this. Words can''t describe how great this sequel was. The acting once again was amazing and the story and how the movie went on just never got me bored. Everything in this movie was clearly beautiful. The ending by far was my favorite when there all sitting at the table talking. There were so many great scenes like Vito when he was younger, Fredo at the lake, and many many more. You have to see this movie because it''s just brilliant filmaking. It''s not better than it''s first film but still an extremely worth sequel.', (select id from "brDbproject_movies" where title='The Godfather Part II'), 10),
(9, 'henriquelrf', 'Dont judge by the age!', 'For a while I was not very receptive to watching films that were too old. I always thought it would be difficult to get involved in the context, I couldn''t be more wrong! 12 angry men, is a great example of how a simple film can do magic with good actors, and what great actors they are!', (select id from "brDbproject_movies" where title='12 Angry Men'), 10),
(10, 'Marwan-Bob', 'Flawless', 'Oh Boy Oh Boy, it Took me Seven years to Rewatch This Masterpiece, Damn why don''t they make em like this Anymore.', (select id from "brDbproject_movies" where title='12 Angry Men'), 10),
(11, 'Xstal', 'Birds of a Feather...', 'A room of jurors take their seats, deliberate; a young man''s future on the line, his life at stake; twelve white middle aging men, show us time and time again, what diversity and difference helps negate. A lesson about bias and prejudice, as relevant today as it ever was.', (select id from "brDbproject_movies" where title='12 Angry Men'), 9),
(12, 'ebiros2', 'Awesome', 'The movie started out pretty innocently, and for the first 20 minutes, I was wondering where the movie was going. Then it started to happen. The horrible cruelty of concentration camps. Oskar Schindler is an example of a man that no matter what the situation, there are people who won''t go along with the cruelty of society. I''m sure it took courage to do what he did, because one wrong move and you''ll be dead.', (select id from "brDbproject_movies" where title='Schindler''s List'),10),
(13, 'miguelneto-74936', 'the best of the Spielberg I watched', 'Schindler ''s List is the best film about Nazism that I ''ve seen so far , the script is great , the cast is amazing, Liam Neeson , Ralph Fiennes , Ben Kingsley and etc. , the direction is Steven Spielberg , I admit that surprised me , you do not believe that the director of Jurassic Park , Jaws and É.T , directed this film is very different from the ones I mentioned , is only a proof that Spielberg is excellent and versatile, the photography is excellent , the film is all black and white, and the costumes and excellent performances are great, Liam Neeson ta great , plus the highlight in my view is Ralph Fiennes who is impeccable , the soundtrack is good, and the end is excellent , the film has a rhythm reasonable , I did not find it tiring , but many can become bored , Schindler ''s List is so far in my opinion the best of Spielberg, who has exciting moments and a great cast.', (select id from "brDbproject_movies" where title='Schindler''s List'), 9),
(14, 'auuwws', 'The best trilogy in the history of cinema', 'Best movie in the trilogy and sealed in the best possible way', (select id from "brDbproject_movies" where title='The Lord of the Rings: The Return of the King'), 10),
(15, 'diffguy', 'Nothing better', 'The greatest tragedy of the human race is that they will never make a better movie than Return of the King.', (select id from "brDbproject_movies" where title='The Lord of the Rings: The Return of the King'), 10),
(16, 'Chris_Docker', 'A monumental film', 'Feeling weary and battle-worn, I have just staggered out of the cinema after three and a half hours of special effects creatures fighting other special effects creatures. I had taken refreshments but barely touched them - probably because the film I had watched is one of the most mesmerising, evocative, inspiring, and awesome I have witnessed of any big adventure epic. Not to mention superb ensemble acting, moods that shift effortlessly between mediaeval battles of colossal proportions and convincing bloodshed, beauty and wonderment, fantastic natural and artificial landscapes and cityscapes, touches of humour, well-paced dramatic tension, and human bonding that is moving enough to just let you dry your eyes as the unassuming credits flash by.', (select id from "brDbproject_movies" where title='The Lord of the Rings: The Return of the King'), 9),
(17, 'SebMoz', 'A masterpiece of screenwriting', 'This is Tarantino''s masterpiece, there''s no other way to say it. It has arguably one of the smartest scripts I''ve ever seen. The story, which is non-linear, is so well constructed it takes several viewings to grasp it all. The movie doesn''t seem to be about any spesific thing, but there is a subtle hint of redemption as a central theme. The characters and preformances in this movie are practically perfect. This is still one of the best performances I''ve seen from Sam Jackson, and it''s an outrage he didn''t win an Oscar. Each scene has its own unique flavour and charm, every segment has its own arc while also tying into the main plot.', (select id from "brDbproject_movies" where title='Pulp Fiction'),10),
(18, 'bevo-13678', 'Shotguns', 'I like the bit with the cheeseburger. It makes me want to go and get a cheeseburger', (select id from "brDbproject_movies" where title='Pulp Fiction'), 10),
(19, 'NRGWasp', 'An absolutely incredible film!', 'Simply incredible. Never before have I seen a 3 hour movie that didn''t seem like 3 hours. I read the Lord of the Rings very recently and I was surprised at how similar Peter Jackson''s vision was to my own.', (select id from "brDbproject_movies" where title='The Lord of the Rings: The Fellowship of the Ring'),10),
(20, 'spider89119', 'the greatest of the great!', 'I wasn''t sure if I was going to comment on this film because everything has already been said by the hundreds of other people who have posted their thoughts, but I decided that I should really put my two cents in since this is my favorite movie.', (select id from "brDbproject_movies" where title='Il buono, il brutto, il cattivo'), 10),
(21, 'bensonmom2', '"When you have to shoot, shoot, don''t talk."', 'I know some movie fans who consider The Good, the Bad and the Ugly the best movie ever made. While I don''t even think it''s the best thing Sergio Leone made, it''s a solid Spaghetti Western that has all but transcended the sub-genre. There are images, such as Clint Eastwood in the poncho, and music, like the main title theme, that are known by people who have never seen the movie.', (select id from "brDbproject_movies" where title='Il buono, il brutto, il cattivo'), 9);

INSERT INTO public."brDbproject_movies_castcrews" (id, movies_id, castcrew_id) VALUES (1, 1, 1);
INSERT INTO public."brDbproject_movies_castcrews" (id, movies_id, castcrew_id) VALUES (2, 1, 2);
INSERT INTO public."brDbproject_movies_castcrews" (id, movies_id, castcrew_id) VALUES (3, 1, 3);
INSERT INTO public."brDbproject_movies_castcrews" (id, movies_id, castcrew_id) VALUES (4, 1, 4);
INSERT INTO public."brDbproject_movies_castcrews" (id, movies_id, castcrew_id) VALUES (5, 1, 5);
INSERT INTO public."brDbproject_movies_castcrews" (id, movies_id, castcrew_id) VALUES (6, 1, 6);
INSERT INTO public."brDbproject_movies_castcrews" (id, movies_id, castcrew_id) VALUES (7, 2, 7);
INSERT INTO public."brDbproject_movies_castcrews" (id, movies_id, castcrew_id) VALUES (8, 2, 8);
INSERT INTO public."brDbproject_movies_castcrews" (id, movies_id, castcrew_id) VALUES (9, 2, 9);
INSERT INTO public."brDbproject_movies_castcrews" (id, movies_id, castcrew_id) VALUES (10, 2, 10);
INSERT INTO public."brDbproject_movies_castcrews" (id, movies_id, castcrew_id) VALUES (11, 2, 11);
INSERT INTO public."brDbproject_movies_castcrews" (id, movies_id, castcrew_id) VALUES (12, 2, 12);
INSERT INTO public."brDbproject_movies_castcrews" (id, movies_id, castcrew_id) VALUES (13, 3, 13);
INSERT INTO public."brDbproject_movies_castcrews" (id, movies_id, castcrew_id) VALUES (14, 3, 14);
INSERT INTO public."brDbproject_movies_castcrews" (id, movies_id, castcrew_id) VALUES (15, 3, 15);
INSERT INTO public."brDbproject_movies_castcrews" (id, movies_id, castcrew_id) VALUES (16, 3, 16);
INSERT INTO public."brDbproject_movies_castcrews" (id, movies_id, castcrew_id) VALUES (17, 3, 17);
INSERT INTO public."brDbproject_movies_castcrews" (id, movies_id, castcrew_id) VALUES (18, 3, 18);
INSERT INTO public."brDbproject_movies_castcrews" (id, movies_id, castcrew_id) VALUES (19, 3, 19);
INSERT INTO public."brDbproject_movies_castcrews" (id, movies_id, castcrew_id) VALUES (20, 4, 7);
INSERT INTO public."brDbproject_movies_castcrews" (id, movies_id, castcrew_id) VALUES (21, 4, 8);
INSERT INTO public."brDbproject_movies_castcrews" (id, movies_id, castcrew_id) VALUES (22, 4, 9);
INSERT INTO public."brDbproject_movies_castcrews" (id, movies_id, castcrew_id) VALUES (23, 4, 11);
INSERT INTO public."brDbproject_movies_castcrews" (id, movies_id, castcrew_id) VALUES (24, 4, 20);
INSERT INTO public."brDbproject_movies_castcrews" (id, movies_id, castcrew_id) VALUES (25, 4, 21);
INSERT INTO public."brDbproject_movies_castcrews" (id, movies_id, castcrew_id) VALUES (26, 5, 22);
INSERT INTO public."brDbproject_movies_castcrews" (id, movies_id, castcrew_id) VALUES (27, 5, 23);
INSERT INTO public."brDbproject_movies_castcrews" (id, movies_id, castcrew_id) VALUES (28, 5, 24);
INSERT INTO public."brDbproject_movies_castcrews" (id, movies_id, castcrew_id) VALUES (29, 5, 25);
INSERT INTO public."brDbproject_movies_castcrews" (id, movies_id, castcrew_id) VALUES (30, 5, 26);
INSERT INTO public."brDbproject_movies_castcrews" (id, movies_id, castcrew_id) VALUES (31, 6, 32);
INSERT INTO public."brDbproject_movies_castcrews" (id, movies_id, castcrew_id) VALUES (32, 6, 27);
INSERT INTO public."brDbproject_movies_castcrews" (id, movies_id, castcrew_id) VALUES (33, 6, 28);
INSERT INTO public."brDbproject_movies_castcrews" (id, movies_id, castcrew_id) VALUES (34, 6, 29);
INSERT INTO public."brDbproject_movies_castcrews" (id, movies_id, castcrew_id) VALUES (35, 6, 30);
INSERT INTO public."brDbproject_movies_castcrews" (id, movies_id, castcrew_id) VALUES (36, 6, 31);
INSERT INTO public."brDbproject_movies_castcrews" (id, movies_id, castcrew_id) VALUES (37, 7, 33);
INSERT INTO public."brDbproject_movies_castcrews" (id, movies_id, castcrew_id) VALUES (38, 7, 34);
INSERT INTO public."brDbproject_movies_castcrews" (id, movies_id, castcrew_id) VALUES (39, 7, 35);
INSERT INTO public."brDbproject_movies_castcrews" (id, movies_id, castcrew_id) VALUES (40, 7, 36);
INSERT INTO public."brDbproject_movies_castcrews" (id, movies_id, castcrew_id) VALUES (41, 7, 37);
INSERT INTO public."brDbproject_movies_castcrews" (id, movies_id, castcrew_id) VALUES (42, 7, 38);
INSERT INTO public."brDbproject_movies_castcrews" (id, movies_id, castcrew_id) VALUES (43, 7, 39);
INSERT INTO public."brDbproject_movies_castcrews" (id, movies_id, castcrew_id) VALUES (44, 8, 40);
INSERT INTO public."brDbproject_movies_castcrews" (id, movies_id, castcrew_id) VALUES (45, 8, 41);
INSERT INTO public."brDbproject_movies_castcrews" (id, movies_id, castcrew_id) VALUES (46, 8, 42);
INSERT INTO public."brDbproject_movies_castcrews" (id, movies_id, castcrew_id) VALUES (47, 8, 43);
INSERT INTO public."brDbproject_movies_castcrews" (id, movies_id, castcrew_id) VALUES (48, 8, 44);
INSERT INTO public."brDbproject_movies_castcrews" (id, movies_id, castcrew_id) VALUES (49, 8, 45);
INSERT INTO public."brDbproject_movies_castcrews" (id, movies_id, castcrew_id) VALUES (50, 9, 33);
INSERT INTO public."brDbproject_movies_castcrews" (id, movies_id, castcrew_id) VALUES (51, 9, 34);
INSERT INTO public."brDbproject_movies_castcrews" (id, movies_id, castcrew_id) VALUES (52, 9, 35);
INSERT INTO public."brDbproject_movies_castcrews" (id, movies_id, castcrew_id) VALUES (53, 9, 36);
INSERT INTO public."brDbproject_movies_castcrews" (id, movies_id, castcrew_id) VALUES (54, 9, 37);
INSERT INTO public."brDbproject_movies_castcrews" (id, movies_id, castcrew_id) VALUES (55, 9, 39);
INSERT INTO public."brDbproject_movies_castcrews" (id, movies_id, castcrew_id) VALUES (56, 9, 46);
INSERT INTO public."brDbproject_movies_castcrews" (id, movies_id, castcrew_id) VALUES (57, 10, 47);
INSERT INTO public."brDbproject_movies_castcrews" (id, movies_id, castcrew_id) VALUES (58, 10, 48);
INSERT INTO public."brDbproject_movies_castcrews" (id, movies_id, castcrew_id) VALUES (59, 10, 49);
INSERT INTO public."brDbproject_movies_castcrews" (id, movies_id, castcrew_id) VALUES (60, 10, 50);
INSERT INTO public."brDbproject_movies_castcrews" (id, movies_id, castcrew_id) VALUES (61, 10, 51);
INSERT INTO public."brDbproject_movies_castcrews" (id, movies_id, castcrew_id) VALUES (62, 10, 52);
INSERT INTO public."brDbproject_movies_castcrews" (id, movies_id, castcrew_id) VALUES (63, 10, 53);